<!DOCTYPE mapper PUBLIC "-//mybatis.org//DTD Mapper 3.0//EN" "http://mybatis.org/dtd/mybatis-3-mapper.dtd">
<mapper namespace="mapper.UserMapper">
	<!-- 회원가입 -->
	<insert id="register" parameterType="User">
		INSERT INTO user(id, password, name<if test="birth != null">, 
		birth</if><if test="phone != null">, 
		phone</if><if test="email != null">, 
		email</if>)
		VALUES (#{id}, #{password}, #{name}<if test="birth != null">, 
		#{birth}</if><if test="phone != null">, 
		#{phone}</if><if test="email != null">, 
		#{email}</if>)
	</insert>
	<!-- 로그인 -->
	<select id="login" parameterType="User" resultType="User">
		SELECT * FROM user
		WHERE id=#{id} AND password=#{password}
	</select>
	<!-- 카카오 로그인 -->
	<select id="kakaoLogin" parameterType="String" resultType="User">
		SELECT * FROM user
		WHERE email=#{email}
	</select>
	<!-- 마이페이지 정보 확인 -->
	<select id="myPage" parameterType="User" resultType="User">
		SELECT * FROM user
		WHERE id=#{id} AND name=#{name}
	</select>
</mapper>